date,rank,stock_code,stock_name,transition,day_pct,passed,total,foreign_net,inst_net,combined_net,per,pbr,roe,debt_ratio,sales_growth,op_growth,fin_yymm,score,market_risk_flags,risky_disclosure_count
2026-09-30,2,093370,후성,1,0.062322946175637384,4,5,596000.0,270000.0,862000.0,300.0,4.81,10.97,110.71,42.51,122.74,202606,52.5,,0
2026-09-30,1,018880,한온시스템,1,0.10000000000000009,3,5,444000.0,1297000.0,1624000.0,-13.7,0.96,-0.15,157.17,2.7,135.27,202606,37.8,,0
2026-09-30,6,008970,KBI동양철관,1,0.2997370727432078,3,5,538000.0,0.0,531000.0,-42.37,1.09,-3.48,75.16,29.26,0.0,202606,39.7,,0
2026-09-30,7,441270,파인엠텍,0,0.05429864253393668,4,5,440000.0,-83000.0,421000.0,-23.72,2.09,-6.46,113.96,17.65,118.88,202606,34.5,,0
2026-09-30,5,009830,한화솔루션,0,0.04307692307692301,3,5,235000.0,257000.0,536000.0,-10.04,0.71,-1.82,183.71,36.27,201.51,202606,42.8,,0
2026-09-30,10,082740,한화엔진,0,0.05263157894736836,3,5,196000.0,30000.0,320000.0,23.54,7.35,0.0,234.09,0.22,59.2,202606,27.5,,0
2026-09-30,3,010140,삼성중공업,0,0.0191412312467667,2,5,729000.0,-50000.0,830000.0,31.77,4.06,13.42,281.28,18.46,82.42,202606,50.5,,0
2026-09-30,4,047040,대우건설,0,0.021301093839954044,2,5,771000.0,73000.0,788000.0,-8.08,2.18,-14.26,266.54,-8.16,108.92,202606,22.5,,0
2026-09-30,8,290690,아리바이오홀딩스,0,-0.12515964240102173,2,5,355000.0,0.0,377000.0,-3.62,2.08,-58.22,49.74,-15.27,0.0,202412,27.2,,0
2026-09-30,9,084180,수성웹툰,0,-0.04109589041095896,2,5,0.0,0.0,332000.0,-0.09,0.05,-42.72,118.98,1.05,7.21,202606,35.5,🚨 관리종목;⚠️ 시가총액 38억(관리종목 요건 200억에 근접/미달),4
2026-10-01,4,192650,드림텍,1,0.14591194968553456,3,5,42000.0,287000.0,480000.0,9110.0,1.61,-2.62,84.62,-18.11,-97.24,202606,20.5,,0
2026-10-01,6,098460,고영,1,0.09854604200323092,3,5,237000.0,117000.0,343000.0,158.14,6.69,14.13,26.16,56.46,328.11,202606,62.5,,0
2026-10-01,8,403870,HPSP,1,0.09262166405023553,3,5,149000.0,119000.0,293000.0,0.0,0.0,0.0,0.0,0.0,0.0,202509,30.7,,0
2026-10-01,7,248070,솔루엠,1,0.15063385533184181,2,5,243000.0,51000.0,314000.0,59.58,1.54,2.19,151.51,21.26,83.55,202606,43.5,,0
2026-10-01,3,000660,SK하이닉스,0,0.03209459459459452,4,5,-64000.0,71000.0,500000.0,31.09,10.67,92.68,32.8,230.8,489.39,202606,58.0,,0
2026-10-01,10,003280,흥아해운,0,0.011049723756906049,4,5,291000.0,0.0,291000.0,14.41,1.72,9.42,70.8,-4.74,-59.64,202606,50.5,,0
2026-10-01,1,005930,삼성전자,0,0.027932960893854775,3,5,-902000.0,257000.0,1110000.0,42.05,4.31,31.39,31.1,98.67,1191.44,202606,68.5,,0
2026-10-01,2,005935,삼성전자우,0,0.04764344262295084,3,5,604000.0,-30000.0,591000.0,0.0,0.0,,,,,,,,0
2026-10-01,5,028670,팬오션,0,0.01906412478336228,2,5,24000.0,408000.0,431000.0,10.48,0.55,5.82,103.08,27.37,41.59,202606,72.0,,0
2026-10-01,9,052900,KX하이텍,0,0.0711188204683435,2,5,340000.0,0.0,291000.0,15.44,0.59,9.52,39.63,27.02,826.79,202606,77.5,,0
2026-10-02,4,041190,우리기술투자,1,0.06688963210702337,4,5,835000.0,121000.0,960000.0,4.85,0.64,4.79,21.22,-46.54,-48.87,202606,53.8,,0
2026-10-02,1,018880,한온시스템,1,0.04217687074829923,3,5,1337000.0,467000.0,1797000.0,-14.9,1.04,-0.15,157.17,2.7,135.27,202606,34.8,,0
2026-10-02,2,028670,팬오션,0,0.061224489795918435,3,5,1257000.0,444000.0,1725000.0,11.06,0.58,5.82,103.08,27.37,41.59,202606,72.0,,0
2026-10-02,3,005930,삼성전자,0,0.0,3,5,-514000.0,179000.0,1350000.0,42.05,4.31,31.39,31.1,98.67,1191.44,202606,68.5,,0
2026-10-02,5,067170,오텍,0,0.08380952380952378,3,5,555000.0,0.0,609000.0,-7.55,0.62,-17.3,381.23,-8.43,-70.77,202606,15.8,,0
2026-10-02,6,096770,SK이노베이션,0,0.1031518624641834,3,5,475000.0,5000.0,485000.0,-7.31,1.19,-4.88,169.73,31.48,0.0,202606,33.1,,0
2026-10-02,7,321370,센서뷰,0,0.09947643979057585,3,5,467000.0,0.0,469000.0,-6.08,7.41,-110.03,200.14,-52.57,0.0,202606,5.6,,0
2026-10-02,8,101670,하이드로리튬,0,0.16806722689075637,3,5,441000.0,0.0,450000.0,-0.87,0.5,-106.57,207.88,-5.38,0.0,202606,25.6,🚨 관리종목,0
2026-10-02,9,036540,SFA반도체,0,0.033636363636363686,3,5,460000.0,-75000.0,406000.0,-98.02,3.94,-2.17,20.41,54.34,0.0,202606,33.3,⚠️ 투자주의,0
2026-10-02,10,000660,SK하이닉스,0,0.004364429896344779,3,5,-49000.0,15000.0,379000.0,31.23,10.72,92.68,32.8,230.8,489.39,202606,58.0,,0
2026-10-05,4,041190,우리기술투자,1,0.07190635451505023,4,5,835000.0,121000.0,960000.0,4.87,0.64,4.79,21.22,-46.54,-48.87,202606,53.8,,0
2026-10-05,1,018880,한온시스템,1,0.044897959183673564,3,5,1337000.0,467000.0,1797000.0,-14.94,1.05,-0.15,157.17,2.7,135.27,202606,34.8,,0
2026-10-05,2,028670,팬오션,0,0.06292517006802711,3,5,1257000.0,444000.0,1725000.0,11.08,0.58,5.82,103.08,27.37,41.59,202606,72.0,,0
2026-10-05,3,005930,삼성전자,0,0.0,3,5,-514000.0,179000.0,1350000.0,42.05,4.31,31.39,31.1,98.67,1191.44,202606,68.5,,0
2026-10-05,5,067170,오텍,0,0.09142857142857141,3,5,555000.0,0.0,609000.0,-7.6,0.62,-17.3,381.23,-8.43,-70.77,202606,15.8,,0
2026-10-05,6,096770,SK이노베이션,0,0.08381088825214911,3,5,475000.0,5000.0,485000.0,-7.19,1.17,-4.88,169.73,31.48,0.0,202606,33.1,,0
2026-10-05,7,321370,센서뷰,0,0.07969749854566599,3,5,467000.0,0.0,469000.0,-5.97,7.28,-110.03,200.14,-52.57,0.0,202606,5.6,,0
2026-10-05,8,101670,하이드로리튬,0,0.16806722689075637,3,5,441000.0,0.0,450000.0,-0.87,0.5,-106.57,207.88,-5.38,0.0,202606,25.6,🚨 관리종목,0
2026-10-05,9,036540,SFA반도체,0,0.041818181818181754,3,5,460000.0,-75000.0,406000.0,-98.79,3.97,-2.17,20.41,54.34,0.0,202606,33.3,⚠️ 투자주의,0
2026-10-05,10,000660,SK하이닉스,0,0.004909983633387904,3,5,-49000.0,15000.0,379000.0,31.24,10.72,92.68,32.8,230.8,489.39,202606,58.0,,0
2026-10-06,9,007660,이수페타시스,1,0.08828382838283821,5,5,336000.0,23000.0,387000.0,58.44,12.82,26.37,70.6,45.81,60.76,202606,64.5,,0
2026-10-06,6,066570,LG전자,1,0.07638888888888884,4,5,273000.0,107000.0,423000.0,43.69,1.75,4.29,130.9,9.38,71.34,202606,41.0,,0
2026-10-06,8,340450,지씨지놈,1,0.14864864864864868,4,5,257000.0,20000.0,403000.0,-159.38,6.03,-4.32,22.8,-5.15,0.0,202412,25.6,,0
2026-10-06,10,036930,주성엔지니어링,1,0.17510548523206748,4,5,273000.0,8000.0,333000.0,368.87,21.55,1.23,46.37,-42.52,0.0,202606,28.9,,0
2026-10-06,2,010170,대한광통신,0,0.04101123595505607,3,5,599000.0,-10000.0,586000.0,-76.57,37.74,-27.86,155.22,24.27,0.0,202606,22.2,,0
2026-10-06,3,047920,HLB제약,0,0.29970029970029977,3,5,548000.0,-34000.0,565000.0,92.27,3.41,2.18,36.15,56.84,413.97,202606,46.0,,5
2026-10-06,4,018880,한온시스템,0,0.015665796344647598,3,5,401000.0,-61000.0,511000.0,-15.14,1.06,-0.15,157.17,2.7,135.27,202606,34.8,,0
2026-10-06,5,047040,대우건설,0,0.007950028392958552,3,5,572000.0,-155000.0,429000.0,-8.09,2.18,-14.26,266.54,-8.16,108.92,202606,22.5,,0
2026-10-06,1,069540,빛과전자,0,0.13863636363636367,2,5,3262000.0,4000.0,3670000.0,-13.18,5.29,-17.45,24.44,-30.67,0.0,202606,22.2,⚠️ 투자주의,0
2026-10-06,7,028300,HLB,0,0.17181705809641534,2,5,474000.0,9000.0,423000.0,-28.26,15.0,-54.43,114.94,39.81,0.0,202606,22.2,,0
2026-10-07,7,002720,국제약품,1,0.29912023460410553,3,5,294000.0,0.0,300000.0,16.47,0.96,5.19,86.38,6.67,-29.42,202606,58.8,,0
2026-10-07,8,034230,파라다이스,1,0.0456960680127525,2,5,239000.0,48000.0,293000.0,9.59,0.5,4.36,87.46,7.8,-27.24,202606,56.5,,0
2026-10-07,1,028670,팬오션,0,0.03499999999999992,4,5,845000.0,69000.0,985000.0,11.05,0.58,5.82,103.08,27.37,41.59,202606,72.0,,0
2026-10-07,5,003280,흥아해운,0,0.017127071823204387,4,5,455000.0,0.0,425000.0,14.5,1.73,9.42,70.8,-4.74,-59.64,202606,50.5,,0
2026-10-07,2,005930,삼성전자,0,-0.009191176470588203,3,5,1548000.0,-531000.0,971000.0,41.06,4.21,31.39,31.1,98.67,1191.44,202606,68.5,,0
2026-10-07,6,204620,글로벌텍스프리,0,0.07578558225508325,3,5,242000.0,102000.0,326000.0,11.78,2.92,25.43,24.3,18.89,9.94,202606,77.5,,0
2026-10-07,9,036540,SFA반도체,0,-0.03069053708439895,3,5,600000.0,-275000.0,292000.0,-98.02,3.94,-2.17,20.41,54.34,0.0,202606,33.3,,0
2026-10-07,3,005880,대한해운,0,0.014705882352941124,2,5,407000.0,33000.0,451000.0,3.7,0.31,8.05,63.81,-10.88,41.7,202606,71.0,,0
2026-10-07,4,070300,퀀텀레일,0,0.1735395189003437,2,5,445000.0,0.0,445000.0,52.54,0.5,0.0,51.77,-51.35,0.0,202606,37.8,⚠️ 시가총액 243억(관리종목 요건 200억에 근접/미달),0
2026-10-07,10,028050,삼성E&A,0,0.01664932362122795,2,5,154000.0,112000.0,288000.0,15.51,2.02,14.11,122.37,14.05,36.41,202606,62.0,,0
2026-10-08,2,033790,피노,1,0.17206477732793513,3,5,133000.0,508000.0,602000.0,-94.15,4.7,0.0,18.34,108.95,1625.79,202606,40.0,,0
2026-10-08,5,417840,저스템,1,0.11170212765957444,3,5,194000.0,219000.0,405000.0,129.01,8.48,19.15,65.3,114.48,258.46,202606,66.0,,0
2026-10-08,7,005440,현대지에프홀딩스,1,0.046416938110749095,3,5,201000.0,5000.0,351000.0,4.86,0.5,7.81,44.92,1.68,20.29,202606,78.0,,0
2026-10-08,9,059090,미코,1,0.08533916849015322,3,5,219000.0,41000.0,301000.0,28.09,6.78,10.8,259.69,44.8,-41.42,202606,45.0,,0
2026-10-08,3,036540,SFA반도체,0,0.021164021164021163,3,5,474000.0,0.0,492000.0,-99.83,4.02,-2.17,20.41,54.34,0.0,202606,33.3,,0
2026-10-08,8,098460,고영,0,0.035911602209944826,3,5,247000.0,36000.0,301000.0,174.42,7.38,14.13,26.16,56.46,328.11,202606,62.5,,0
2026-10-08,1,018880,한온시스템,0,0.04150453955901434,2,5,596000.0,402000.0,964000.0,-15.62,1.09,-0.15,157.17,2.7,135.27,202606,34.8,,0
2026-10-08,10,073240,금호타이어,0,0.018018018018018056,2,5,243000.0,19000.0,279000.0,5.61,0.96,23.14,138.85,3.01,2.34,202606,78.2,,0
2026-10-08,4,288980,모아데이타,0,0.29556650246305427,1,5,445000.0,0.0,445000.0,-0.46,0.5,-124.4,569.54,12.37,0.0,202606,25.0,🚨 관리종목;⚠️ 시가총액 96억(관리종목 요건 200억에 근접/미달),7
2026-10-08,6,067290,JW신약,0,-0.04020979020979021,1,5,310000.0,0.0,351000.0,9.84,3.77,46.3,43.0,-12.87,-25.09,202512,47.0,,0
